YearsExperience,Salary
1.2000000000000002,39344.0
1.4000000000000001,46206.0
1.6,37732.0
2.1,43526.0
2.3000000000000003,39892.0
3.0,56643.0
3.1,60151.0
3.3000000000000003,54446.0
3.3000000000000003,64446.0
3.8000000000000003,57190.0
4.0,63219.0
